group	fill
1	#B5B5B5
2	#A7A7A7
3	#999999
4	#8C8C8C
5	#7F7F7F
6	#737373
7	#686868
8	#5D5D5D
9	#535353
10	#4A4A4A
11	#414141
12	#393939
13	#323232
14	#2C2C2C
15	#262626
16	#212121
17	#1C1C1C
18	#181818
19	#151515
20	#111111
21	#B9B9B9
22	#ABABAB
23	#9E9E9E
24	#919191
25	#848484
26	#787878
27	#6D6D6D
28	#626262
29	#585858
30	#4F4F4F
31	#474747
32	#3F3F3F
33	#373737
34	#313131
35	#2B2B2B
36	#262626
37	#212121
38	#1D1D1D
39	#191919
40	#161616
41	#BDBDBD
42	#AFAFAF
43	#A2A2A2
44	#959595
45	#898989
46	#7D7D7D
47	#727272
48	#686868
49	#5E5E5E
50	#555555
51	#4C4C4C
52	#444444
53	#3D3D3D
54	#363636
55	#303030
56	#2A2A2A
57	#252525
58	#212121
59	#1D1D1D
60	#1A1A1A
61	#C0C0C0
62	#B3B3B3
63	#A6A6A6
64	#999999
65	#8E8E8E
66	#828282
67	#777777
68	#6D6D6D
69	#636363
70	#5A5A5A
71	#515151
72	#494949
73	#414141
74	#3B3B3B
75	#343434
76	#2F2F2F
77	#292929
78	#252525
79	#212121
80	#1D1D1D
81	#C2C2C2
82	#B6B6B6
83	#A9A9A9
84	#9D9D9D
85	#919191
86	#868686
87	#7B7B7B
88	#717171
89	#676767
90	#5E5E5E
91	#555555
92	#4D4D4D
93	#464646
94	#3F3F3F
95	#383838
96	#333333
97	#2D2D2D
98	#282828
99	#242424
100	#202020
101	#C5C5C5
102	#B8B8B8
103	#ACACAC
104	#A0A0A0
105	#959595
106	#8A8A8A
107	#7F7F7F
108	#757575
109	#6B6B6B
110	#626262
111	#5A5A5A
112	#515151
113	#4A4A4A
114	#434343
115	#3C3C3C
116	#363636
117	#303030
118	#2B2B2B
119	#272727
120	#222222
121	#C6C6C6
122	#BABABA
123	#AFAFAF
124	#A3A3A3
125	#989898
126	#8D8D8D
127	#838383
128	#797979
129	#6F6F6F
130	#666666
131	#5D5D5D
132	#555555
133	#4D4D4D
134	#464646
135	#3F3F3F
136	#393939
137	#333333
138	#2E2E2E
139	#292929
140	#242424
141	#C7C7C7
142	#BCBCBC
143	#B0B0B0
144	#A5A5A5
145	#9B9B9B
146	#909090
147	#868686
148	#7C7C7C
149	#727272
150	#696969
151	#616161
152	#585858
153	#515151
154	#494949
155	#424242
156	#3C3C3C
157	#363636
158	#303030
159	#2B2B2B
160	#262626
161	#C8C8C8
162	#BDBDBD
163	#B2B2B2
164	#A7A7A7
165	#9D9D9D
166	#929292
167	#888888
168	#7F7F7F
169	#757575
170	#6C6C6C
171	#636363
172	#5B5B5B
173	#535353
174	#4C4C4C
175	#454545
176	#3E3E3E
177	#383838
178	#323232
179	#2C2C2C
180	#272727
181	#C8C8C8
182	#BDBDBD
183	#B3B3B3
184	#A8A8A8
185	#9E9E9E
186	#949494
187	#8A8A8A
188	#818181
189	#777777
190	#6E6E6E
191	#666666
192	#5D5D5D
193	#555555
194	#4E4E4E
195	#464646
196	#404040
197	#393939
198	#333333
199	#2D2D2D
200	#282828
201	#C7C7C7
202	#BDBDBD
203	#B3B3B3
204	#A9A9A9
205	#9F9F9F
206	#959595
207	#8C8C8C
208	#828282
209	#797979
210	#707070
211	#686868
212	#5F5F5F
213	#575757
214	#4F4F4F
215	#484848
216	#414141
217	#3A3A3A
218	#333333
219	#2D2D2D
220	#282828
221	#C6C6C6
222	#BDBDBD
223	#B3B3B3
224	#A9A9A9
225	#A0A0A0
226	#969696
227	#8D8D8D
228	#848484
229	#7B7B7B
230	#727272
231	#696969
232	#616161
233	#585858
234	#505050
235	#494949
236	#414141
237	#3A3A3A
238	#343434
239	#2D2D2D
240	#272727
241	#C5C5C5
242	#BCBCBC
243	#B3B3B3
244	#A9A9A9
245	#A0A0A0
246	#979797
247	#8E8E8E
248	#858585
249	#7C7C7C
250	#737373
251	#6A6A6A
252	#616161
253	#595959
254	#515151
255	#494949
256	#424242
257	#3A3A3A
258	#333333
259	#2D2D2D
260	#262626
261	#C3C3C3
262	#BBBBBB
263	#B2B2B2
264	#A9A9A9
265	#A0A0A0
266	#979797
267	#8E8E8E
268	#858585
269	#7C7C7C
270	#737373
271	#6A6A6A
272	#626262
273	#5A5A5A
274	#515151
275	#494949
276	#424242
277	#3A3A3A
278	#333333
279	#2C2C2C
280	#252525
281	#C1C1C1
282	#B9B9B9
283	#B1B1B1
284	#A8A8A8
285	#9F9F9F
286	#979797
287	#8E8E8E
288	#858585
289	#7C7C7C
290	#737373
291	#6B6B6B
292	#626262
293	#5A5A5A
294	#515151
295	#494949
296	#414141
297	#393939
298	#323232
299	#2B2B2B
300	#242424
301	#BFBFBF
302	#B7B7B7
303	#AFAFAF
304	#A7A7A7
305	#9E9E9E
306	#969696
307	#8D8D8D
308	#858585
309	#7C7C7C
310	#737373
311	#6A6A6A
312	#626262
313	#595959
314	#515151
315	#484848
316	#404040
317	#383838
318	#313131
319	#292929
320	#222222
321	#BDBDBD
322	#B5B5B5
323	#ADADAD
324	#A5A5A5
325	#9D9D9D
326	#959595
327	#8D8D8D
328	#848484
329	#7B7B7B
330	#737373
331	#6A6A6A
332	#616161
333	#595959
334	#505050
335	#484848
336	#3F3F3F
337	#373737
338	#2F2F2F
339	#272727
340	#202020
341	#BABABA
342	#B3B3B3
343	#ABABAB
344	#A4A4A4
345	#9C9C9C
346	#949494
347	#8C8C8C
348	#838383
349	#7B7B7B
350	#727272
351	#696969
352	#606060
353	#585858
354	#4F4F4F
355	#464646
356	#3E3E3E
357	#363636
358	#2D2D2D
359	#252525
360	#1E1E1E
361	#B7B7B7
362	#B0B0B0
363	#A9A9A9
364	#A2A2A2
365	#9A9A9A
366	#939393
367	#8A8A8A
368	#828282
369	#7A7A7A
370	#717171
371	#686868
372	#5F5F5F
373	#575757
374	#4E4E4E
375	#454545
376	#3C3C3C
377	#343434
378	#2C2C2C
379	#232323
380	#1C1C1C
381	#B4B4B4
382	#AEAEAE
383	#A7A7A7
384	#A0A0A0
385	#999999
386	#919191
387	#898989
388	#818181
389	#787878
390	#707070
391	#676767
392	#5E5E5E
393	#555555
394	#4C4C4C
395	#444444
396	#3B3B3B
397	#323232
398	#2A2A2A
399	#212121
400	#191919
